Category,Title,Stars,Reviews,Price
Boys' Accessories,"Medium Turquoise,Root Beer Party Bowties Flower Self Tie Bowtie DBA7B32C Microfiber Turquiose",0.0,0,0.0
Boys' Accessories,Junior Rj9506s Metal Aviator Sunglasses,3.9,0,77.0
Boys' Accessories,Boys' Baseball,3.9,0,12.9
Boys' Accessories,Stomp Mitt,3.6,0,26.39
Boys' Accessories,Boys Cold Weather Accessories,0.0,0,15.05
Vehicle Electronics,"Canon 8791B001AA PFI Original Ink Tank, Magenta",4.8,11,136.95
Vehicle Electronics,Universal 7 Gallon Generator Gas Fuel Tank Compatible with Honda EC6500 Generator and More,4.7,0,76.95
Vehicle Electronics,EKWB EK-Quantum Torque Micro Rotary 90° - Satin Titanium,4.1,0,17.46
Vehicle Electronics,Reizen RL-350 Braille Labeler,3.9,217,32.87
Vehicle Electronics,Key Fob Replacement Compatible for Chevy Equinox LT LS L Premier Plus Sport Utility 2018 2019 2020 2021 Proximity Smart Car Keyless Entry Remote Control Remote Start HYQ4AA 13584498 13529650 315MHz,4.0,0,34.95
"Xbox Series X & S Consoles, Games & Accessories",Head Case Designs Officially Licensed Jonas JoJoesArt Jödicke Dreamcatcher Wolf Art Mix Vinyl Sticker Gaming Skin Case Cover Compatible with Xbox Series S Console,0.0,0,24.95
"Xbox Series X & S Consoles, Games & Accessories",Head Case Designs Officially Licensed Simone Gatterwe Friesian Horse Art Mix Matte Vinyl Sticker Gaming Skin Case Cover Compatible with Xbox Series S Console and Controller Bundle,0.0,0,34.95
"Xbox Series X & S Consoles, Games & Accessories",Head Case Designs Officially Licensed Ninola Dots Art Mix Matte Vinyl Sticker Gaming Skin Case Cover Compatible with Xbox Series S Console,0.0,0,24.95
"Xbox Series X & S Consoles, Games & Accessories",Head Case Designs Officially Licensed Assassin's Creed Group Unity Key Art Matte Vinyl Sticker Gaming Skin Decal Cover Compatible with Xbox Series X Console,0.0,0,24.95
"Xbox Series X & S Consoles, Games & Accessories",Head Case Designs Officially Licensed Assassin's Creed Hetepi Origins Character Art Vinyl Sticker Gaming Skin Case Cover Compatible with Xbox Series X Console,0.0,0,24.95
